PassengerId,Survived,Pclass,Name,Sex,Age,SibSp,Parch,Ticket,Fare,Cabin,Embarked,Age_is_missing,Name_is_missing,Sex_is_missing,Ticket_is_missing,Cabin_is_missing,Embarked_is_missing
1,0,3,109,2,22.0,1,0,524,7.25,0,3,False,False,False,False,True,False
2,1,1,191,1,38.0,1,0,597,71.2833,82,1,False,False,False,False,False,False
3,1,3,354,1,26.0,0,0,670,7.925,0,3,False,False,False,False,True,False
4,1,1,273,1,35.0,1,0,50,53.1,56,3,False,False,False,False,False,False
5,0,3,16,2,35.0,0,0,473,8.05,0,3,False,False,False,False,True,False
6,0,3,555,2,28.0,0,0,276,8.4583,0,2,True,False,False,False,True,False
7,0,1,516,2,54.0,0,0,86,51.8625,130,3,False,False,False,False,False,False
8,0,3,625,2,2.0,3,1,396,21.075,0,3,False,False,False,False,True,False
9,1,3,413,1,27.0,0,2,345,11.1333,0,3,False,False,False,False,True,False
10,1,2,577,1,14.0,1,0,133,30.0708,0,1,False,False,False,False,True,False
11,1,3,728,1,4.0,1,1,617,16.7,146,3,False,False,False,False,False,False
12,1,1,96,1,58.0,0,0,39,26.55,50,3,False,False,False,False,False,False
13,0,3,730,2,20.0,0,0,536,8.05,0,3,False,False,False,False,True,False
14,0,3,29,2,39.0,1,5,334,31.275,0,3,False,False,False,False,True,False
15,0,3,841,1,14.0,0,0,414,7.8542,0,3,False,False,False,False,True,False
16,1,2,360,1,55.0,0,0,154,16.0,0,3,False,False,False,False,True,False
17,0,3,683,2,2.0,4,1,481,29.125,0,2,False,False,False,False,True,False
18,1,2,868,2,28.0,0,0,152,13.0,0,3,True,False,False,False,True,False
19,0,3,840,1,31.0,1,0,302,18.0,0,3,False,False,False,False,True,False
20,1,3,513,1,28.0,0,0,185,7.225,0,1,True,False,False,False,True,False
21,0,2,274,2,35.0,0,0,140,26.0,0,3,False,False,False,False,True,False
22,1,2,81,2,34.0,0,0,153,13.0,112,3,False,False,False,False,False,False
23,1,3,524,1,15.0,0,0,279,8.0292,0,2,False,False,False,False,True,False
24,1,1,766,2,28.0,0,0,43,35.5,14,3,False,False,False,False,False,False
25,0,3,627,1,8.0,3,1,396,21.075,0,3,False,False,False,False,True,False
26,1,3,45,1,38.0,1,5,330,31.3875,0,3,False,False,False,False,True,False
27,0,3,241,2,28.0,0,0,180,7.225,0,1,True,False,False,False,True,False
28,0,1,261,2,19.0,3,2,96,263.0,64,3,False,False,False,False,False,False
29,1,3,606,1,28.0,0,0,284,7.8792,0,2,True,False,False,False,True,False
30,0,3,814,2,28.0,0,0,363,7.8958,0,3,True,False,False,False,True,False
31,0,1,829,2,40.0,0,0,599,27.7208,0,1,False,False,False,False,True,False
32,1,1,777,1,28.0,1,0,587,146.5208,42,1,True,False,False,False,False,False
33,1,3,290,1,28.0,0,0,289,7.75,0,2,True,False,False,False,True,False
34,0,2,857,2,66.0,0,0,550,10.5,0,3,False,False,False,False,True,False
35,0,1,536,2,28.0,1,0,601,82.1708,0,1,False,False,False,False,True,False
36,0,1,373,2,42.0,1,0,44,52.0,0,3,False,False,False,False,True,False
37,1,3,506,2,28.0,0,0,203,7.2292,0,1,True,False,False,False,True,False
38,0,3,135,2,21.0,0,0,515,8.05,0,3,False,False,False,False,True,False
39,0,3,838,1,18.0,2,0,303,18.0,0,3,False,False,False,False,True,False
40,1,3,590,1,14.0,1,0,187,11.2417,0,1,False,False,False,False,True,False
41,0,3,8,1,40.0,1,0,508,9.475,0,3,False,False,False,False,True,False
42,0,2,828,1,27.0,1,0,54,21.0,0,3,False,False,False,False,True,False
43,0,3,447,2,28.0,0,0,392,7.8958,0,1,True,False,False,False,True,False
44,1,2,457,1,3.0,1,2,635,41.5792,0,1,False,False,False,False,True,False
45,1,3,213,1,19.0,0,0,283,7.8792,0,2,False,False,False,False,True,False
46,0,3,698,2,28.0,0,0,618,8.05,0,3,True,False,False,False,True,False
47,0,3,474,2,28.0,1,0,463,15.5,0,2,True,False,False,False,True,False
48,1,3,605,1,28.0,0,0,77,7.75,0,2,True,False,False,False,True,False
49,0,3,727,2,28.0,2,0,191,21.6792,0,1,True,False,False,False,True,False
50,0,3,39,1,18.0,1,0,378,17.8,0,3,False,False,False,False,True,False
51,0,3,630,2,7.0,4,1,250,39.6875,0,3,False,False,False,False,True,False
52,0,3,595,2,21.0,0,0,523,7.8,0,3,False,False,False,False,True,False
53,1,1,334,1,49.0,1,0,588,76.7292,102,1,False,False,False,False,False,False
54,1,2,247,1,29.0,1,0,240,26.0,0,3,False,False,False,False,True,False
55,0,1,621,2,65.0,0,1,30,61.9792,24,1,False,False,False,False,False,False
56,1,1,874,2,28.0,0,0,95,35.5,72,3,True,False,False,False,False,False
57,1,2,708,1,21.0,0,0,556,10.5,0,3,False,False,False,False,True,False
58,0,3,596,2,28.5,0,0,216,7.2292,0,1,False,False,False,False,True,False
59,1,2,854,1,5.0,1,2,562,27.75,0,3,False,False,False,False,True,False
60,0,3,300,2,11.0,5,2,567,46.9,0,3,False,False,False,False,True,False
61,0,3,750,2,22.0,0,0,198,7.2292,0,1,False,False,False,False,True,False
62,1,1,386,1,38.0,0,0,33,80.0,22,0,False,False,False,False,False,True
63,0,1,338,2,45.0,1,0,458,83.475,81,3,False,False,False,False,False,False
64,0,3,756,2,4.0,3,2,338,27.9,0,3,False,False,False,False,True,False
65,0,1,785,2,28.0,0,0,602,27.7208,0,1,True,False,False,False,True,False
66,1,3,561,2,28.0,1,1,190,15.2458,0,1,True,False,False,False,True,False
67,1,2,597,1,29.0,0,0,554,10.5,143,3,False,False,False,False,False,False
68,0,3,186,2,19.0,0,0,624,8.1583,0,3,False,False,False,False,True,False
69,1,3,26,1,17.0,4,2,249,7.925,0,3,False,False,False,False,True,False
70,0,3,441,2,26.0,2,0,271,8.6625,0,3,False,False,False,False,True,False
71,0,2,397,2,32.0,0,0,558,10.5,0,3,False,False,False,False,True,False
72,0,3,301,1,16.0,5,2,567,46.9,0,3,False,False,False,False,True,False
73,0,2,377,2,21.0,0,0,622,73.5,0,3,False,False,False,False,True,False
74,0,3,162,2,26.0,1,0,205,14.4542,0,1,False,False,False,False,True,False
75,1,3,88,2,32.0,0,0,81,56.4958,0,3,False,False,False,False,True,False
76,0,3,547,2,25.0,0,0,348,7.65,141,3,False,False,False,False,False,False
77,0,3,779,2,28.0,0,0,356,7.8958,0,3,True,False,False,False,True,False
78,0,3,564,2,28.0,0,0,474,8.05,0,3,True,False,False,False,True,False
79,1,2,128,2,0.83,0,2,159,29.0,0,3,False,False,False,False,True,False
80,1,3,224,1,30.0,0,0,433,12.475,0,3,False,False,False,False,True,False
81,0,3,843,2,22.0,0,0,305,9.0,0,3,False,False,False,False,True,False
82,1,3,738,2,29.0,0,0,312,9.5,0,3,False,False,False,False,True,False
83,1,3,520,1,28.0,0,0,281,7.7875,0,2,True,False,False,False,True,False
84,0,1,142,2,28.0,0,0,26,47.1,0,3,False,False,False,False,True,False
85,1,2,387,1,17.0,0,0,638,10.5,0,3,False,False,False,False,True,False
86,1,3,53,1,33.0,3,0,248,15.85,0,3,False,False,False,False,True,False
87,0,3,256,2,16.0,1,3,677,34.375,0,3,False,False,False,False,True,False
88,0,3,765,2,28.0,0,0,653,8.05,0,3,True,False,False,False,True,False
89,1,1,260,1,23.0,3,2,96,263.0,64,3,False,False,False,False,False,False
90,0,3,150,2,24.0,0,0,298,8.05,0,3,False,False,False,False,True,False
91,0,3,160,2,29.0,0,0,299,8.05,0,3,False,False,False,False,True,False
92,0,3,32,2,20.0,0,0,342,7.8542,0,3,False,False,False,False,True,False
93,0,1,151,2,46.0,1,0,679,61.175,123,3,False,False,False,False,False,False
94,0,3,210,2,26.0,1,2,549,20.575,0,3,False,False,False,False,True,False
95,0,3,185,2,59.0,0,0,429,7.25,0,3,False,False,False,False,True,False
96,0,3,741,2,28.0,0,0,476,8.05,0,3,True,False,False,False,True,False
97,0,1,293,2,71.0,0,0,608,34.6542,13,1,False,False,False,False,False,False
98,1,1,309,2,23.0,0,1,613,63.3583,92,1,False,False,False,False,False,False
99,1,2,220,1,34.0,0,1,118,23.0,0,3,False,False,False,False,True,False
100,0,2,423,2,34.0,1,0,151,26.0,0,3,False,False,False,False,True,False
101,0,3,657,1,28.0,0,0,385,7.8958,0,3,False,False,False,False,True,False
102,0,3,659,2,28.0,0,0,362,7.8958,0,3,True,False,False,False,True,False
103,0,1,859,2,21.0,0,1,418,77.2875,99,3,False,False,False,False,False,False
104,0,3,406,2,33.0,0,0,506,8.6542,0,3,False,False,False,False,True,False
105,0,3,313,2,37.0,2,0,246,7.925,0,3,False,False,False,False,True,False
106,0,3,543,2,28.0,0,0,355,7.8958,0,3,False,False,False,False,True,False
107,1,3,725,1,21.0,0,0,297,7.65,0,3,False,False,False,False,True,False
108,1,3,560,2,28.0,0,0,255,7.775,0,3,True,False,False,False,True,False
109,0,3,676,2,38.0,0,0,389,7.8958,0,3,False,False,False,False,True,False
110,1,3,553,1,28.0,1,0,470,24.15,0,2,True,False,False,False,True,False
111,0,1,668,2,47.0,0,0,3,52.0,53,3,False,False,False,False,False,False
112,0,3,883,1,14.5,1,0,194,14.4542,0,1,False,False,False,False,True,False
113,0,3,68,2,22.0,0,0,275,8.05,0,3,False,False,False,False,True,False
114,0,3,418,1,20.0,1,0,492,9.825,0,3,False,False,False,False,True,False
115,0,3,47,1,17.0,0,0,177,14.4583,0,1,False,False,False,False,True,False
116,0,3,646,2,21.0,0,0,667,7.925,0,3,False,False,False,False,True,False
117,0,3,179,2,70.5,0,0,461,7.75,0,2,False,False,False,False,True,False
118,0,2,827,2,29.0,1,0,54,21.0,0,3,False,False,False,False,True,False
119,0,1,71,2,24.0,0,1,586,247.5208,37,1,False,False,False,False,False,False
120,0,3,25,1,2.0,4,2,334,31.275,0,3,False,False,False,False,True,False
121,0,2,363,2,21.0,2,0,622,73.5,0,3,False,False,False,False,True,False
122,0,3,552,2,28.0,0,0,541,8.05,0,3,True,False,False,False,True,False
123,0,2,576,2,32.5,1,0,133,30.0708,0,1,False,False,False,False,True,False
124,1,2,849,1,32.5,0,0,220,13.0,117,3,False,False,False,False,False,False
125,0,1,858,2,54.0,0,1,418,77.2875,99,3,False,False,False,False,False,False
126,1,3,589,2,12.0,1,0,187,11.2417,0,1,False,False,False,False,True,False
127,0,3,526,2,28.0,0,0,464,7.75,0,2,True,False,False,False,True,False
128,1,3,500,2,24.0,0,0,542,7.1417,0,3,False,False,False,False,True,False
129,1,3,654,1,28.0,1,1,197,22.3583,139,1,True,False,False,False,False,False
130,0,3,235,2,45.0,0,0,319,6.975,0,3,False,False,False,False,True,False
131,0,3,226,2,33.0,0,0,381,7.8958,0,1,False,False,False,False,True,False
132,0,3,166,2,20.0,0,0,641,7.05,0,3,False,False,False,False,True,False
133,0,3,696,1,47.0,1,0,538,14.5,0,3,False,False,False,False,True,False
134,1,2,852,1,29.0,1,0,112,26.0,0,3,False,False,False,False,True,False
135,0,2,773,2,25.0,0,0,553,13.0,0,3,False,False,False,False,True,False
136,0,2,686,2,23.0,0,0,631,15.0458,0,1,False,False,False,False,True,False
137,1,1,586,1,19.0,0,2,56,26.2833,108,3,False,False,False,False,False,False
138,0,1,272,2,37.0,1,0,50,53.1,56,3,False,False,False,False,False,False
139,0,3,619,2,16.0,0,0,505,9.2167,0,3,False,False,False,False,True,False
140,0,1,283,2,24.0,0,0,593,79.2,46,1,False,False,False,False,False,False
141,0,3,100,1,28.0,0,2,204,15.2458,0,1,True,False,False,False,True,False
142,1,3,598,1,22.0,0,0,333,7.75,0,3,False,False,False,False,True,False
143,1,3,320,1,24.0,1,0,669,15.85,0,3,False,False,False,False,True,False
144,0,3,117,2,19.0,0,0,439,6.75,0,2,False,False,False,False,True,False
145,0,2,33,2,18.0,0,0,119,11.5,0,3,False,False,False,False,True,False
146,0,2,587,2,19.0,1,1,559,36.75,0,3,False,False,False,False,True,False
147,1,3,30,2,27.0,0,0,406,7.7958,0,3,False,False,False,False,True,False
148,0,3,255,1,9.0,2,2,677,34.375,0,3,False,False,False,False,True,False
149,0,2,581,2,36.5,0,2,114,26.0,142,3,False,False,False,False,False,False
150,0,2,122,2,42.0,0,0,148,13.0,0,3,False,False,False,False,True,False
151,0,2,69,2,51.0,0,0,623,12.525,0,3,False,False,False,False,True,False
152,1,1,644,1,22.0,1,0,37,66.6,62,3,False,False,False,False,False,False
153,0,3,533,2,55.5,0,0,517,8.05,0,3,False,False,False,False,True,False
154,0,3,890,2,40.5,0,2,539,14.5,0,3,False,False,False,False,True,False
155,0,3,613,2,28.0,0,0,574,7.3125,0,3,True,False,False,False,True,False
156,0,1,867,2,51.0,0,1,596,61.3792,0,1,False,False,False,False,True,False
157,1,3,288,1,16.0,0,0,419,7.7333,0,2,False,False,False,False,True,False
158,0,3,182,2,30.0,0,0,655,8.05,0,3,False,False,False,False,True,False
159,0,3,768,2,28.0,0,0,259,8.6625,0,3,True,False,False,False,True,False
160,0,3,717,2,28.0,8,2,569,69.55,0,3,True,False,False,False,True,False
161,0,3,187,2,44.0,0,1,471,16.1,0,3,False,False,False,False,True,False
162,1,2,848,1,40.0,0,0,560,15.75,0,3,False,False,False,False,True,False
163,0,3,83,2,26.0,0,0,324,7.775,0,3,False,False,False,False,True,False
164,0,3,130,2,17.0,0,0,266,8.6625,0,3,False,False,False,False,True,False
165,0,3,629,2,1.0,4,1,250,39.6875,0,3,False,False,False,False,True,False
166,1,3,294,2,9.0,0,2,424,20.525,0,3,False,False,False,False,True,False
167,1,1,158,1,28.0,0,1,29,55.0,124,3,True,False,False,False,False,False
168,0,3,761,1,45.0,1,4,338,27.9,0,3,False,False,False,False,True,False
169,0,1,70,2,28.0,0,0,577,25.925,0,3,True,False,False,False,True,False
170,0,3,487,2,28.0,0,0,81,56.4958,0,3,False,False,False,False,True,False
171,0,1,833,2,61.0,0,0,6,33.5,19,3,False,False,False,False,False,False
172,0,3,681,2,4.0,4,1,481,29.125,0,2,False,False,False,False,True,False
173,1,3,409,1,1.0,1,1,345,11.1333,0,3,False,False,False,False,True,False
174,0,3,753,2,21.0,0,0,660,7.925,0,3,False,False,False,False,True,False
175,0,1,770,2,56.0,0,0,91,30.6958,15,1,False,False,False,False,False,False
176,0,3,445,2,18.0,1,1,413,7.8542,0,3,False,False,False,False,True,False
177,0,3,465,2,28.0,3,1,489,25.4667,0,3,True,False,False,False,True,False
178,0,1,389,1,50.0,0,0,594,28.7125,70,1,False,False,False,False,False,False
179,0,2,321,2,30.0,0,0,170,13.0,0,3,False,False,False,False,True,False
180,0,3,475,2,36.0,0,0,575,0.0,0,3,False,False,False,False,True,False
181,0,3,718,1,28.0,8,2,569,69.55,0,3,True,False,False,False,True,False
182,0,2,651,2,28.0,0,0,630,15.05,0,1,True,False,False,False,True,False
183,0,3,42,2,9.0,4,2,330,31.3875,0,3,False,False,False,False,True,False
184,1,2,77,2,1.0,2,1,115,39.0,145,3,False,False,False,False,False,False
185,1,3,442,1,4.0,0,2,272,22.025,0,3,False,False,False,False,True,False
186,0,1,701,2,28.0,0,0,35,50.0,10,3,True,False,False,False,False,False
187,1,3,602,1,28.0,1,0,460,15.5,0,2,True,False,False,False,True,False
188,1,1,699,2,45.0,0,0,12,26.55,0,3,False,False,False,False,True,False
189,0,3,102,2,40.0,1,1,436,15.5,0,2,False,False,False,False,True,False
190,0,3,824,2,36.0,0,0,387,7.8958,0,3,False,False,False,False,True,False
191,1,2,665,1,32.0,0,0,123,13.0,0,3,False,False,False,False,True,False
192,0,2,137,2,19.0,0,0,228,13.0,0,3,False,False,False,False,True,False
193,1,3,21,1,19.0,1,0,407,7.8542,0,3,False,False,False,False,True,False
194,1,2,580,2,3.0,1,1,114,26.0,142,3,False,False,False,False,False,False
195,1,1,114,1,44.0,0,0,605,27.7208,29,1,False,False,False,False,False,False
196,1,1,496,1,58.0,0,0,587,146.5208,44,1,False,False,False,False,False,False
197,0,3,534,2,28.0,0,0,453,7.75,0,2,True,False,False,False,True,False
198,0,3,612,2,42.0,0,1,495,8.4042,0,3,False,False,False,False,True,False
199,1,3,498,1,28.0,0,0,462,7.75,0,2,True,False,False,False,True,False
200,0,2,882,1,24.0,0,0,161,13.0,0,3,False,False,False,False,True,False
201,0,3,835,2,28.0,0,0,307,9.5,0,3,False,False,False,False,True,False
202,0,3,722,2,28.0,8,2,569,69.55,0,3,True,False,False,False,True,False
203,0,3,404,2,34.0,0,0,243,6.4958,0,3,False,False,False,False,True,False
204,0,3,879,2,45.5,0,0,178,7.225,0,1,False,False,False,False,True,False
205,1,3,167,2,18.0,0,0,531,8.05,0,3,False,False,False,False,True,False
206,0,3,790,1,2.0,0,1,317,10.4625,146,3,False,False,False,False,False,False
207,0,3,52,2,32.0,1,0,248,15.85,0,3,False,False,False,False,True,False
208,1,3,10,2,26.0,0,0,217,18.7875,0,1,False,False,False,False,True,False
209,1,3,141,1,16.0,0,0,446,7.75,0,2,False,False,False,False,True,False
210,1,1,95,2,40.0,0,0,18,31.0,9,1,False,False,False,False,False,False
211,0,3,13,2,24.0,0,0,643,7.05,0,3,False,False,False,False,True,False
212,1,2,132,1,35.0,0,0,571,21.0,0,3,False,False,False,False,True,False
213,0,3,650,2,22.0,0,0,527,7.25,0,3,False,False,False,False,True,False
214,0,2,289,2,30.0,0,0,164,13.0,0,3,False,False,False,False,True,False
215,0,3,438,2,28.0,1,0,444,7.75,0,2,True,False,False,False,True,False
216,1,1,583,1,31.0,1,0,417,113.275,104,1,False,False,False,False,False,False
217,1,3,376,1,27.0,0,0,671,7.925,0,3,False,False,False,False,True,False
218,0,2,391,2,42.0,1,0,143,27.0,0,3,False,False,False,False,True,False
219,1,1,73,1,32.0,0,0,64,76.2917,94,1,False,False,False,False,False,False
220,0,2,339,2,30.0,0,0,680,10.5,0,3,False,False,False,False,True,False
221,1,3,792,2,16.0,0,0,654,8.05,0,3,False,False,False,False,True,False
222,0,2,106,2,27.0,0,0,106,13.0,0,3,False,False,False,False,True,False
223,0,3,307,2,51.0,0,0,103,8.05,0,3,False,False,False,False,True,False
224,0,3,582,2,28.0,0,0,376,7.8958,0,3,True,False,False,False,True,False
225,1,1,380,2,38.0,1,0,94,90.0,88,3,False,False,False,False,False,False
226,0,3,84,2,22.0,0,0,616,9.35,0,3,False,False,False,False,True,False
227,1,2,532,2,19.0,0,0,673,10.5,0,3,False,False,False,False,True,False
228,0,3,493,2,20.5,0,0,526,7.25,0,3,False,False,False,False,True,False
229,0,2,244,2,18.0,0,0,126,13.0,0,3,False,False,False,False,True,False
230,0,3,468,1,28.0,3,1,489,25.4667,0,3,True,False,False,False,True,False
231,1,1,340,1,35.0,1,0,458,83.475,81,3,False,False,False,False,False,False
232,0,3,461,2,29.0,0,0,323,7.775,0,3,False,False,False,False,True,False
233,0,2,755,2,59.0,0,0,129,13.5,0,3,False,False,False,False,True,False
234,1,3,44,1,5.0,4,2,330,31.3875,0,3,False,False,False,False,True,False
235,0,2,480,2,24.0,0,0,555,10.5,0,3,False,False,False,False,True,False
236,0,3,330,1,28.0,0,0,678,7.55,0,3,True,False,False,False,True,False
237,0,2,371,2,44.0,1,0,199,26.0,0,3,False,False,False,False,True,False
238,1,2,173,1,8.0,0,2,557,26.25,0,3,False,False,False,False,True,False
239,0,2,649,2,19.0,0,0,232,10.5,0,3,False,False,False,False,True,False
240,0,2,384,2,33.0,0,0,637,12.275,0,3,False,False,False,False,True,False
241,0,3,884,1,28.0,1,0,194,14.4542,0,1,True,False,False,False,True,False
242,1,3,568,1,28.0,1,0,445,15.5,0,2,True,False,False,False,True,False
243,0,2,170,2,29.0,0,0,675,10.5,0,3,False,False,False,False,True,False
244,0,3,501,2,22.0,0,0,659,7.125,0,3,False,False,False,False,True,False
245,0,3,48,2,30.0,0,0,214,7.225,0,1,False,False,False,False,True,False
246,0,1,540,2,44.0,2,0,93,90.0,79,2,False,False,False,False,False,False
247,0,3,482,1,25.0,0,0,326,7.775,0,3,False,False,False,False,True,False
248,1,2,323,1,24.0,0,2,167,14.5,0,3,False,False,False,False,True,False
249,1,1,79,2,37.0,1,1,55,52.5542,103,3,False,False,False,False,False,False
250,0,2,148,2,54.0,1,0,145,26.0,0,3,False,False,False,False,True,False
251,0,3,674,2,28.0,0,0,423,7.25,0,3,True,False,False,False,True,False
252,0,3,791,1,29.0,1,1,317,10.4625,146,3,False,False,False,False,False,False
253,0,1,783,2,62.0,0,0,32,26.55,84,3,False,False,False,False,False,False
254,0,3,488,2,30.0,1,0,537,16.1,0,3,False,False,False,False,True,False
255,0,3,703,1,41.0,0,2,459,20.2125,0,3,False,False,False,False,True,False
256,1,3,820,1,29.0,0,2,186,15.2458,0,1,False,False,False,False,True,False
257,1,1,809,1,28.0,0,0,590,79.2,0,1,True,False,False,False,True,False
258,1,1,157,1,30.0,0,0,1,86.5,41,3,False,False,False,False,False,False
259,1,1,845,1,35.0,0,0,609,512.3292,0,1,False,False,False,False,True,False
260,1,2,637,1,50.0,0,1,116,26.0,0,3,False,False,False,False,True,False
261,0,3,772,2,28.0,0,0,483,7.75,0,2,True,False,False,False,True,False
262,1,3,43,2,3.0,4,2,330,31.3875,0,3,False,False,False,False,True,False
263,0,1,800,2,52.0,1,1,2,79.65,135,3,False,False,False,False,False,False
264,0,1,341,2,40.0,0,0,17,0.0,47,3,False,False,False,False,False,False
265,0,3,357,1,28.0,0,0,479,7.75,0,2,True,False,False,False,True,False
266,0,2,675,2,36.0,0,0,547,10.5,0,3,False,False,False,False,True,False
267,0,3,632,2,16.0,4,1,250,39.6875,0,3,False,False,False,False,True,False
268,1,3,653,2,25.0,1,0,335,7.775,0,3,False,False,False,False,True,False
269,1,1,306,1,58.0,0,1,589,153.4625,58,3,False,False,False,False,False,False
270,1,1,92,1,35.0,0,0,614,135.6333,90,3,False,False,False,False,False,False
271,0,1,126,2,28.0,0,0,48,31.0,0,3,True,False,False,False,True,False
272,1,3,818,2,25.0,0,0,575,0.0,0,3,False,False,False,False,True,False
273,1,2,531,1,41.0,0,1,163,19.5,0,3,False,False,False,False,True,False
274,0,1,578,2,37.0,0,1,595,29.7,55,1,False,False,False,False,False,False
275,1,3,351,1,28.0,0,0,466,7.75,0,2,True,False,False,False,True,False
276,1,1,34,1,63.0,1,0,72,77.9583,114,3,False,False,False,False,False,False
277,0,3,483,1,45.0,0,0,327,7.75,0,3,False,False,False,False,True,False
278,0,2,635,2,28.0,0,0,136,0.0,0,3,True,False,False,False,True,False
279,0,3,682,2,7.0,4,1,481,29.125,0,2,False,False,False,False,True,False
280,1,3,3,1,35.0,1,1,552,20.25,0,3,False,False,False,False,True,False
281,0,3,228,2,65.0,0,0,291,7.75,0,2,False,False,False,False,True,False
282,0,3,615,2,28.0,0,0,341,7.8542,0,3,False,False,False,False,True,False
283,0,3,888,2,16.0,0,0,311,9.5,0,3,False,False,False,False,True,False
284,1,3,222,2,19.0,0,0,534,8.05,0,3,False,False,False,False,True,False
285,0,1,771,2,28.0,0,0,25,26.0,4,3,True,False,False,False,False,False
286,0,3,780,2,33.0,0,0,379,8.6625,0,1,False,False,False,False,True,False
287,1,3,887,2,30.0,0,0,309,9.5,0,3,False,False,False,False,True,False
288,0,3,571,2,22.0,0,0,354,7.8958,0,3,False,False,False,False,True,False
289,1,2,379,2,42.0,0,0,135,13.0,0,3,False,False,False,False,True,False
290,1,3,178,1,22.0,0,0,465,7.75,0,2,False,False,False,False,True,False
291,1,1,66,1,26.0,0,0,92,78.85,0,3,False,False,False,False,True,False
292,1,1,91,1,19.0,1,0,65,91.0792,32,1,False,False,False,False,False,False
293,0,2,478,2,36.0,0,0,636,12.875,91,1,False,False,False,False,False,False
294,0,3,316,1,24.0,0,0,377,8.85,0,3,False,False,False,False,True,False
295,0,3,542,2,24.0,0,0,375,7.8958,0,3,False,False,False,False,True,False
296,0,1,479,2,28.0,0,0,607,27.7208,0,1,True,False,False,False,True,False
297,0,3,325,2,23.5,0,0,213,7.2292,0,1,False,False,False,False,True,False
298,0,1,18,1,2.0,1,2,38,151.55,63,3,False,False,False,False,False,False
299,1,1,715,2,28.0,0,0,99,30.5,52,3,True,False,False,False,False,False
300,1,1,72,1,50.0,0,1,586,247.5208,37,1,False,False,False,False,False,False
301,1,3,432,1,28.0,0,0,514,7.75,0,2,True,False,False,False,True,False
302,1,3,519,2,28.0,2,0,442,23.25,0,2,True,False,False,False,True,False
303,0,3,412,2,19.0,0,0,575,0.0,0,3,False,False,False,False,True,False
304,1,2,429,1,28.0,0,0,110,12.35,117,2,True,False,False,False,False,False
305,0,3,869,2,28.0,0,0,528,8.05,0,3,True,False,False,False,True,False
306,1,1,17,2,0.92,1,2,38,151.55,63,3,False,False,False,False,False,False
307,1,1,249,1,28.0,0,0,84,110.8833,0,1,True,False,False,False,True,False
308,1,1,648,1,17.0,1,0,612,108.9,75,1,False,False,False,False,False,False
309,0,2,4,2,30.0,1,0,576,24.0,0,1,False,False,False,False,True,False
310,1,1,264,1,30.0,0,0,585,56.9292,126,1,False,False,False,False,False,False
311,1,1,349,1,24.0,0,0,60,83.1583,73,1,False,False,False,False,False,False
312,1,1,711,1,18.0,2,2,603,262.375,36,1,False,False,False,False,False,False
313,0,2,450,1,26.0,1,1,168,26.0,0,3,False,False,False,False,True,False
314,0,3,356,2,28.0,0,0,383,7.8958,0,3,False,False,False,False,True,False
315,0,2,343,2,43.0,1,1,572,26.25,0,3,False,False,False,False,True,False
316,1,3,591,1,26.0,0,0,344,7.8542,0,3,False,False,False,False,True,False
317,1,2,424,1,24.0,1,0,151,26.0,0,3,False,False,False,False,True,False
318,0,2,556,2,54.0,0,0,233,14.0,0,3,False,False,False,False,True,False
319,1,1,860,1,31.0,0,2,454,164.8667,77,3,False,False,False,False,False,False
320,1,1,776,1,40.0,1,1,82,134.5,125,1,False,False,False,False,False,False
321,0,3,212,2,22.0,0,0,525,7.25,0,3,False,False,False,False,True,False
322,0,3,201,2,27.0,0,0,366,7.8958,0,3,False,False,False,False,True,False
323,1,2,763,1,30.0,0,0,125,12.35,0,2,False,False,False,False,True,False
324,1,2,129,1,22.0,1,1,159,29.0,0,3,False,False,False,False,True,False
325,0,3,723,2,28.0,8,2,569,69.55,0,3,True,False,False,False,True,False
326,1,1,878,1,36.0,0,0,614,135.6333,66,1,False,False,False,False,False,False
327,0,3,599,2,61.0,0,0,300,6.2375,0,3,False,False,False,False,True,False
328,1,2,61,1,36.0,0,0,230,13.0,91,3,False,False,False,False,False,False
329,1,3,296,1,31.0,1,1,424,20.525,0,3,False,False,False,False,True,False
330,1,1,364,1,16.0,0,1,8,57.9792,18,1,False,False,False,False,False,False
331,1,3,518,1,28.0,2,0,442,23.25,0,2,True,False,False,False,True,False
332,0,1,638,2,45.5,0,0,21,28.5,57,3,False,False,False,False,False,False
333,0,1,305,2,38.0,0,1,589,153.4625,86,3,False,False,False,False,False,False
334,0,3,839,2,16.0,2,0,303,18.0,0,3,False,False,False,False,True,False
335,1,1,266,1,28.0,1,0,606,133.65,0,3,True,False,False,False,True,False
336,0,3,211,2,28.0,0,0,371,7.8958,0,3,True,False,False,False,True,False
337,0,1,643,2,29.0,1,0,37,66.6,62,3,False,False,False,False,False,False
338,1,1,118,1,41.0,0,0,82,134.5,128,1,False,False,False,False,False,False
339,1,3,193,2,45.0,0,0,511,8.05,0,3,False,False,False,False,True,False
340,0,1,94,2,45.0,0,0,40,35.5,147,3,False,False,False,False,False,False
341,1,2,579,2,2.0,1,1,114,26.0,142,3,False,False,False,False,False,False
342,1,1,259,1,24.0,3,2,96,263.0,64,3,False,False,False,False,False,False
343,0,2,171,2,28.0,0,0,160,13.0,0,3,False,False,False,False,True,False
344,0,2,734,2,25.0,0,0,150,13.0,0,3,False,False,False,False,True,False
345,0,2,263,2,36.0,0,0,113,13.0,0,3,False,False,False,False,True,False
346,1,2,112,1,24.0,0,0,158,13.0,143,3,False,False,False,False,False,False
347,1,2,769,1,40.0,0,0,258,13.0,0,3,False,False,False,False,True,False
348,1,3,208,1,28.0,1,0,484,16.1,0,3,True,False,False,False,True,False
349,1,3,184,2,3.0,1,1,563,15.9,0,3,False,False,False,False,True,False
350,0,3,216,2,42.0,0,0,263,8.6625,0,3,False,False,False,False,True,False
351,0,3,609,2,23.0,0,0,504,9.225,0,3,False,False,False,False,True,False
352,0,1,871,2,28.0,0,0,31,35.0,60,3,True,False,False,False,False,False
353,0,3,238,2,15.0,1,1,215,7.2292,0,1,False,False,False,False,True,False
354,0,3,38,2,25.0,1,0,378,17.8,0,3,False,False,False,False,True,False
355,0,3,880,2,28.0,0,0,183,7.225,0,1,True,False,False,False,True,False
356,0,3,836,2,28.0,0,0,315,9.5,0,3,False,False,False,False,True,False
357,1,1,105,1,22.0,0,1,29,55.0,124,3,False,False,False,False,False,False
358,0,2,271,1,38.0,0,0,132,13.0,0,3,False,False,False,False,True,False
359,1,3,523,1,28.0,0,0,280,7.8792,0,2,True,False,False,False,True,False
360,1,3,546,1,28.0,0,0,286,7.8792,0,2,True,False,False,False,True,False
361,0,3,760,2,40.0,1,4,338,27.9,0,3,False,False,False,False,True,False
362,0,2,889,2,29.0,1,0,634,27.7208,0,1,False,False,False,False,True,False
363,0,3,65,1,45.0,0,1,212,14.4542,0,1,False,False,False,False,True,False
364,0,3,41,2,35.0,0,0,642,7.05,0,3,False,False,False,False,True,False
365,0,3,600,2,28.0,1,0,460,15.5,0,2,True,False,False,False,True,False
366,0,3,6,2,30.0,0,0,545,7.25,0,3,False,False,False,False,True,False
367,1,1,846,1,60.0,1,0,5,75.25,105,1,False,False,False,False,False,False
368,1,3,563,1,28.0,0,0,176,7.2292,0,1,True,False,False,False,True,False
369,1,3,401,1,28.0,0,0,79,7.75,0,2,True,False,False,False,True,False
370,1,1,49,1,24.0,0,0,582,69.3,25,1,False,False,False,False,False,False
371,1,1,329,2,25.0,1,0,59,55.4417,132,1,False,False,False,False,False,False
372,0,3,864,2,18.0,1,0,245,6.4958,0,3,False,False,False,False,True,False
373,0,3,76,2,19.0,0,0,274,8.05,0,3,False,False,False,False,True,False
374,0,1,691,2,22.0,0,0,614,135.6333,0,1,False,False,False,False,True,False
375,0,3,626,1,3.0,3,1,396,21.075,0,3,False,False,False,False,True,False
376,1,1,537,1,28.0,1,0,601,82.1708,0,1,True,False,False,False,True,False
377,1,3,455,1,22.0,0,0,546,7.25,0,3,False,False,False,False,True,False
378,0,1,863,2,27.0,0,2,28,211.5,80,1,False,False,False,False,False,False
379,0,3,86,2,20.0,0,0,184,4.0125,0,1,False,False,False,False,True,False
380,0,3,315,2,19.0,0,0,325,7.775,0,3,False,False,False,False,True,False
381,1,1,87,1,42.0,0,0,611,227.525,0,1,False,False,False,False,True,False
382,1,3,573,1,1.0,0,2,188,15.7417,0,1,False,False,False,False,True,False
383,0,3,812,2,32.0,0,0,666,7.925,0,3,False,False,False,False,True,False
384,1,1,374,1,35.0,1,0,44,52.0,0,3,False,False,False,False,True,False
385,0,3,666,2,28.0,0,0,372,7.8958,0,3,True,False,False,False,True,False
386,0,2,206,2,18.0,0,0,622,73.5,0,3,False,False,False,False,True,False
387,0,3,299,2,1.0,5,2,567,46.9,0,3,False,False,False,False,True,False
388,1,2,119,1,36.0,0,0,221,13.0,0,3,False,False,False,False,True,False
389,0,3,716,2,28.0,0,0,448,7.7292,0,2,True,False,False,False,True,False
390,1,2,469,1,17.0,0,0,626,12.0,0,1,False,False,False,False,True,False
391,1,1,145,2,36.0,1,2,34,120.0,48,3,False,False,False,False,False,False
392,1,3,394,2,21.0,0,0,402,7.7958,0,3,False,False,False,False,True,False
393,0,3,314,2,28.0,2,0,247,7.925,0,3,False,False,False,False,True,False
394,1,1,584,1,23.0,1,0,417,113.275,104,1,False,False,False,False,False,False
395,1,3,729,1,24.0,0,2,617,16.7,146,3,False,False,False,False,False,False
396,0,3,405,2,22.0,0,0,411,7.7958,0,3,False,False,False,False,True,False
397,0,3,614,1,31.0,0,0,415,7.8542,0,3,False,False,False,False,True,False
398,0,2,525,2,46.0,0,0,227,26.0,0,3,False,False,False,False,True,False
399,0,2,624,2,23.0,0,0,147,10.5,0,3,False,False,False,False,True,False
400,1,2,822,1,28.0,0,0,141,12.65,0,3,False,False,False,False,True,False
401,1,3,593,2,39.0,0,0,664,7.925,0,3,False,False,False,False,True,False
402,0,3,7,2,26.0,0,0,293,8.05,0,3,False,False,False,False,True,False
403,0,3,419,1,21.0,1,0,493,9.825,0,3,False,False,False,False,True,False
404,0,3,319,2,28.0,1,0,669,15.85,0,3,False,False,False,False,True,False
405,0,3,617,1,20.0,0,0,268,8.6625,0,3,False,False,False,False,True,False
406,0,2,275,2,34.0,1,0,231,21.0,0,3,False,False,False,False,True,False
407,0,3,862,2,51.0,0,0,322,7.75,0,3,False,False,False,False,True,False
408,1,2,688,2,3.0,1,1,238,18.75,0,3,False,False,False,False,True,False
409,0,3,89,2,21.0,0,0,256,7.775,0,3,False,False,False,False,True,False
410,0,3,466,1,28.0,3,1,489,25.4667,0,3,True,False,False,False,True,False
411,0,3,733,2,28.0,0,0,368,7.8958,0,3,True,False,False,False,True,False
412,0,3,344,2,28.0,0,0,488,6.8583,0,2,True,False,False,False,True,False
413,1,1,541,1,33.0,1,0,93,90.0,79,2,False,False,False,False,False,False
414,0,2,192,2,28.0,0,0,136,0.0,0,3,True,False,False,False,True,False
415,1,3,793,2,44.0,0,0,656,7.925,0,3,False,False,False,False,True,False
416,0,3,529,1,28.0,0,0,296,8.05,0,3,True,False,False,False,True,False
417,1,2,227,1,34.0,1,1,225,32.5,0,3,False,False,False,False,True,False
418,1,2,743,1,18.0,0,2,169,13.0,0,3,False,False,False,False,True,False
419,0,2,514,2,30.0,0,0,226,13.0,0,3,False,False,False,False,True,False
420,0,3,830,1,10.0,0,2,308,24.15,0,3,False,False,False,False,True,False
421,0,3,282,2,28.0,0,0,393,7.8958,0,1,True,False,False,False,True,False
422,0,3,156,2,21.0,0,0,535,7.7333,0,2,False,False,False,False,True,False
423,0,3,885,2,29.0,0,0,260,7.875,0,3,False,False,False,False,True,False
424,0,3,199,1,28.0,1,1,332,14.4,0,3,False,False,False,False,True,False
425,0,3,702,2,18.0,1,1,459,20.2125,0,3,False,False,False,False,True,False
426,0,3,873,2,28.0,0,0,522,7.25,0,3,True,False,False,False,True,False
427,1,2,163,1,28.0,1,0,101,26.0,0,3,False,False,False,False,True,False
428,1,2,663,1,19.0,0,0,171,26.0,0,3,False,False,False,False,True,False
429,0,3,250,2,28.0,0,0,438,7.75,0,2,True,False,False,False,True,False
430,1,3,664,2,32.0,0,0,645,8.05,116,3,False,False,False,False,False,False
431,1,1,93,2,28.0,0,0,4,26.55,72,3,False,False,False,False,False,False
432,1,3,811,1,28.0,1,0,477,16.1,0,3,True,False,False,False,True,False
433,1,2,492,1,42.0,1,0,628,26.0,0,3,False,False,False,False,True,False
434,0,3,421,2,17.0,0,0,658,7.125,0,3,False,False,False,False,True,False
435,0,1,745,2,50.0,1,0,73,55.9,129,3,False,False,False,False,False,False
436,1,1,144,1,14.0,1,2,34,120.0,48,3,False,False,False,False,False,False
437,0,3,254,1,21.0,2,2,677,34.375,0,3,False,False,False,False,True,False
438,1,2,689,1,24.0,2,3,238,18.75,0,3,False,False,False,False,True,False
439,0,1,262,2,64.0,1,4,96,263.0,64,3,False,False,False,False,False,False
440,0,2,448,2,31.0,0,0,548,10.5,0,3,False,False,False,False,True,False
441,1,2,345,1,45.0,1,1,572,26.25,0,3,False,False,False,False,True,False
442,0,3,324,2,20.0,0,0,306,9.5,0,3,False,False,False,False,True,False
443,0,3,660,2,25.0,1,0,329,7.775,0,3,False,False,False,False,True,False
444,1,2,680,1,28.0,0,0,117,13.0,0,3,False,False,False,False,True,False
445,1,3,403,2,28.0,0,0,500,8.1125,0,3,True,False,False,False,True,False
446,1,1,217,2,4.0,0,2,290,81.8583,11,3,False,False,False,False,False,False
447,1,2,530,1,13.0,0,1,163,19.5,0,3,False,False,False,False,True,False
448,1,1,736,2,34.0,0,0,46,26.55,0,3,False,False,False,False,True,False
449,1,3,56,1,5.0,2,1,195,19.2583,0,1,False,False,False,False,True,False
450,1,1,662,2,52.0,0,0,41,30.5,51,3,False,False,False,False,False,False
451,0,2,855,2,36.0,1,2,562,27.75,0,3,False,False,False,False,True,False
452,0,3,317,2,28.0,1,0,498,19.9667,0,3,True,False,False,False,True,False
453,0,1,258,2,30.0,0,0,23,27.75,54,1,False,False,False,False,False,False
454,1,1,291,2,49.0,1,0,85,89.1042,87,1,False,False,False,False,False,False
455,0,3,645,2,28.0,0,0,529,8.05,0,3,True,False,False,False,True,False
456,1,3,393,2,29.0,0,0,380,7.8958,0,1,False,False,False,False,True,False
457,0,1,538,2,65.0,0,0,74,26.55,127,3,False,False,False,False,False,False
458,1,1,437,1,28.0,1,0,87,51.8625,98,3,True,False,False,False,False,False
459,1,2,816,1,50.0,0,0,573,10.5,0,3,False,False,False,False,True,False
460,0,3,604,2,28.0,0,0,469,7.75,0,2,True,False,False,False,True,False
461,1,1,22,2,48.0,0,0,97,26.55,118,3,False,False,False,False,False,False
462,0,3,558,2,34.0,0,0,430,8.05,0,3,False,False,False,False,True,False
463,0,1,281,2,47.0,0,0,7,38.5,134,3,False,False,False,False,False,False
464,0,2,539,2,48.0,0,0,122,13.0,0,3,False,False,False,False,True,False
465,0,3,503,2,28.0,0,0,540,8.05,0,3,True,False,False,False,True,False
466,0,3,297,2,38.0,0,0,640,7.05,0,3,False,False,False,False,True,False
467,0,2,133,2,28.0,0,0,136,0.0,0,3,True,False,False,False,True,False
468,0,1,767,2,56.0,0,0,45,26.55,0,3,False,False,False,False,True,False
469,0,3,732,2,28.0,0,0,422,7.725,0,2,True,False,False,False,True,False
470,1,3,55,1,0.75,2,1,195,19.2583,0,1,False,False,False,False,True,False
471,0,3,431,2,28.0,0,0,273,7.25,0,3,True,False,False,False,True,False
472,0,3,125,2,38.0,0,0,264,8.6625,0,3,False,False,False,False,True,False
473,1,2,856,1,33.0,1,2,562,27.75,0,3,False,False,False,False,True,False
474,1,2,402,1,23.0,0,0,629,13.7917,91,1,False,False,False,False,False,False
475,0,3,788,1,22.0,0,0,510,9.8375,0,3,False,False,False,False,True,False
476,0,1,165,2,28.0,0,0,3,52.0,2,3,True,False,False,False,False,False
477,0,2,677,2,34.0,1,0,253,21.0,0,3,False,False,False,False,True,False
478,0,3,108,2,29.0,1,0,316,7.0458,0,3,False,False,False,False,True,False
479,0,3,426,2,22.0,0,0,412,7.5208,0,3,False,False,False,False,True,False
480,1,3,366,1,2.0,0,1,252,12.2875,0,3,False,False,False,False,True,False
481,0,3,298,2,9.0,5,2,567,46.9,0,3,False,False,False,False,True,False
482,0,2,269,2,28.0,0,0,137,0.0,0,3,True,False,False,False,True,False
483,0,3,707,2,50.0,0,0,532,8.05,0,3,False,False,False,False,True,False
484,1,3,826,1,63.0,0,0,490,9.5875,0,3,False,False,False,False,True,False
485,1,1,90,2,25.0,1,0,65,91.0792,32,1,False,False,False,False,False,False
486,0,3,467,1,28.0,3,1,489,25.4667,0,3,True,False,False,False,True,False
487,1,1,382,1,35.0,1,0,94,90.0,88,3,False,False,False,False,False,False
488,0,1,436,2,58.0,0,0,62,29.7,26,1,False,False,False,False,False,False
489,0,3,775,2,30.0,0,0,518,8.05,0,3,False,False,False,False,True,False
490,1,3,183,2,9.0,1,1,563,15.9,0,3,False,False,False,False,True,False
491,0,3,318,2,28.0,1,0,499,19.9667,0,3,True,False,False,False,True,False
492,0,3,872,2,21.0,0,0,650,7.25,0,3,False,False,False,False,True,False
493,0,1,548,2,55.0,0,0,42,30.5,65,3,False,False,False,False,False,False
494,0,1,40,2,71.0,0,0,604,49.5042,0,1,False,False,False,False,True,False
495,0,3,782,2,21.0,0,0,519,8.05,0,3,False,False,False,False,True,False
496,0,3,881,2,28.0,0,0,177,14.4583,0,1,True,False,False,False,True,False
497,1,1,243,1,54.0,1,0,455,78.2667,97,1,False,False,False,False,False,False
498,0,3,739,2,28.0,0,0,565,15.1,0,3,True,False,False,False,True,False
499,0,1,19,1,25.0,1,2,38,151.55,63,3,False,False,False,False,False,False
500,0,3,797,2,24.0,0,0,403,7.7958,0,3,False,False,False,False,True,False
501,0,3,131,2,17.0,0,0,262,8.6625,0,3,False,False,False,False,True,False
502,0,3,134,1,21.0,0,0,434,7.75,0,2,False,False,False,False,True,False
503,0,3,608,1,28.0,0,0,277,7.6292,0,2,True,False,False,False,True,False
504,0,3,451,1,37.0,0,0,491,9.5875,0,3,False,False,False,False,True,False
505,1,1,502,1,16.0,0,0,1,86.5,43,3,False,False,False,False,False,False
506,0,1,647,2,18.0,1,0,612,108.9,75,1,False,False,False,False,False,False
507,1,2,671,1,33.0,0,2,181,26.0,0,3,False,False,False,False,True,False
508,1,1,107,2,28.0,0,0,11,26.55,0,3,True,False,False,False,True,False
509,0,3,611,2,28.0,0,0,543,22.525,0,3,False,False,False,False,True,False
510,1,3,456,2,26.0,0,0,81,56.4958,0,3,False,False,False,False,True,False
511,1,3,196,2,29.0,0,0,480,7.75,0,2,False,False,False,False,True,False
512,0,3,850,2,28.0,0,0,649,8.05,0,3,True,False,False,False,True,False
513,1,1,522,2,36.0,0,0,578,26.2875,122,3,False,False,False,False,False,False
514,1,1,706,1,54.0,1,0,600,59.4,0,1,False,False,False,False,True,False
515,0,3,169,2,24.0,0,0,357,7.4958,0,3,False,False,False,False,True,False
516,0,1,844,2,47.0,0,0,457,34.0208,107,3,False,False,False,False,False,False
517,1,2,473,1,34.0,0,0,561,10.5,143,3,False,False,False,False,False,False
518,0,3,710,2,28.0,0,0,470,24.15,0,2,True,False,False,False,True,False
519,1,2,36,1,36.0,1,0,111,26.0,0,3,False,False,False,False,True,False
520,0,3,642,2,32.0,0,0,382,7.8958,0,3,False,False,False,False,True,False
521,1,1,652,1,30.0,0,0,68,93.5,40,3,False,False,False,False,False,False
522,0,3,842,2,22.0,0,0,391,7.8958,0,3,False,False,False,False,True,False
523,0,3,449,2,28.0,0,0,174,7.225,0,1,True,False,False,False,True,False
524,1,1,365,1,44.0,0,1,8,57.9792,18,1,False,False,False,False,False,False
525,0,3,428,2,28.0,0,0,218,7.2292,0,1,True,False,False,False,True,False
526,0,3,245,2,40.5,0,0,447,7.75,0,2,False,False,False,False,True,False
527,1,2,690,1,50.0,0,0,674,10.5,0,3,False,False,False,False,True,False
528,0,1,246,2,28.0,0,0,584,221.7792,89,3,True,False,False,False,False,False
529,0,3,726,2,39.0,0,0,251,7.925,0,3,False,False,False,False,True,False
530,0,2,367,2,23.0,2,1,236,11.5,0,3,False,False,False,False,True,False
531,1,2,670,1,2.0,1,1,181,26.0,0,3,False,False,False,False,True,False
532,0,3,819,2,28.0,0,0,182,7.2292,0,1,True,False,False,False,True,False
533,0,3,237,2,17.0,1,1,211,7.2292,0,1,False,False,False,False,True,False
534,1,3,655,1,28.0,0,2,197,22.3583,0,1,True,False,False,False,True,False
535,0,3,124,1,30.0,0,0,261,8.6625,0,3,False,False,False,False,True,False
536,1,2,342,1,7.0,0,2,572,26.25,0,3,False,False,False,False,True,False
537,0,1,121,2,45.0,0,0,22,26.55,27,3,False,False,False,False,False,False
538,1,1,462,1,30.0,0,0,615,106.425,0,1,False,False,False,False,True,False
539,0,3,693,2,28.0,0,0,427,14.5,0,3,True,False,False,False,True,False
540,1,1,267,1,22.0,0,2,76,49.5,28,1,False,False,False,False,False,False
541,1,1,189,1,36.0,0,2,681,71.0,21,3,False,False,False,False,False,False
542,0,3,27,1,9.0,4,2,334,31.275,0,3,False,False,False,False,True,False
543,0,3,28,1,11.0,4,2,334,31.275,0,3,False,False,False,False,True,False
544,1,2,74,2,32.0,1,0,234,26.0,0,3,False,False,False,False,True,False
545,0,1,223,2,50.0,1,0,615,106.425,83,1,False,False,False,False,False,False
546,0,1,588,2,64.0,0,0,502,26.0,0,3,False,False,False,False,True,False
547,1,2,75,1,19.0,1,0,234,26.0,0,3,False,False,False,False,True,False
548,1,2,623,2,28.0,0,0,632,13.8625,0,1,True,False,False,False,True,False
549,0,3,295,2,33.0,1,1,424,20.525,0,3,False,False,False,False,True,False
550,1,2,204,2,8.0,1,1,559,36.75,0,3,False,False,False,False,True,False
551,1,1,805,2,17.0,0,2,84,110.8833,78,1,False,False,False,False,False,False
552,0,2,737,2,27.0,0,0,149,26.0,0,3,False,False,False,False,True,False
553,0,3,601,2,28.0,0,0,285,7.8292,0,2,True,False,False,False,True,False
554,1,3,464,2,22.0,0,0,172,7.225,0,1,False,False,False,False,True,False
555,1,3,610,1,22.0,0,0,336,7.775,0,3,False,False,False,False,True,False
556,0,1,875,2,62.0,0,0,53,26.55,0,3,False,False,False,False,True,False
557,1,1,229,1,48.0,1,0,58,39.6,3,1,False,False,False,False,False,False
558,0,1,694,2,28.0,0,0,611,227.525,0,1,True,False,False,False,True,False
559,1,1,801,1,39.0,1,1,2,79.65,135,3,False,False,False,False,False,False
560,1,3,886,1,36.0,1,0,301,17.4,0,3,False,False,False,False,True,False
561,0,3,559,2,28.0,0,0,472,7.75,0,2,True,False,False,False,True,False
562,0,3,752,2,40.0,0,0,390,7.8958,0,3,False,False,False,False,True,False
563,0,2,594,2,28.0,0,0,104,13.5,0,3,False,False,False,False,True,False
564,0,3,747,2,28.0,0,0,652,8.05,0,3,True,False,False,False,True,False
565,0,3,528,1,28.0,0,0,646,8.05,0,3,True,False,False,False,True,False
566,0,3,205,2,24.0,2,0,520,24.15,0,3,False,False,False,False,True,False
567,0,3,787,2,19.0,0,0,353,7.8958,0,3,False,False,False,False,True,False
568,0,3,628,1,29.0,0,4,396,21.075,0,3,False,False,False,False,True,False
569,0,3,218,2,28.0,0,0,208,7.2292,0,1,True,False,False,False,True,False
570,1,3,417,2,32.0,0,0,416,7.8542,0,3,False,False,False,False,True,False
571,1,2,337,2,62.0,0,0,625,10.5,0,3,False,False,False,False,True,False
572,1,1,37,1,53.0,2,0,61,51.4792,49,3,False,False,False,False,False,False
573,1,1,252,2,36.0,0,0,579,26.3875,122,3,False,False,False,False,False,False
574,1,3,433,1,28.0,0,0,78,7.75,0,2,True,False,False,False,True,False
575,0,3,709,2,16.0,0,0,521,8.05,0,3,False,False,False,False,True,False
576,0,3,640,2,19.0,0,0,421,14.5,0,3,False,False,False,False,True,False
577,1,2,278,1,34.0,0,0,144,13.0,0,3,False,False,False,False,True,False
578,1,1,746,1,39.0,1,0,73,55.9,129,3,False,False,False,False,False,False
579,0,3,136,1,28.0,1,0,210,14.4583,0,1,True,False,False,False,True,False
580,1,3,420,2,32.0,0,0,662,7.925,0,3,False,False,False,False,True,False
581,1,2,161,1,25.0,1,1,134,30.0,0,3,False,False,False,False,True,False
582,1,1,806,1,39.0,1,1,84,110.8833,76,1,False,False,False,False,False,False
583,0,2,225,2,54.0,0,0,227,26.0,0,3,False,False,False,False,True,False
584,0,1,704,2,36.0,0,0,69,40.125,1,1,False,False,False,False,False,False
585,0,3,641,2,28.0,0,0,292,8.7125,0,1,True,False,False,False,True,False
586,1,1,799,1,18.0,0,2,2,79.65,136,3,False,False,False,False,False,False
587,0,2,396,2,47.0,0,0,130,15.0,0,3,False,False,False,False,True,False
588,1,1,268,2,60.0,1,1,75,79.2,30,1,False,False,False,False,False,False
589,0,3,285,2,22.0,0,0,80,8.05,0,3,False,False,False,False,True,False
590,0,3,567,2,28.0,0,0,516,8.05,0,3,True,False,False,False,True,False
591,0,3,692,2,35.0,0,0,657,7.125,0,3,False,False,False,False,True,False
592,1,1,784,1,52.0,1,0,455,78.2667,97,1,False,False,False,False,False,False
593,0,3,239,2,47.0,0,0,533,7.25,0,3,False,False,False,False,True,False
594,0,3,101,1,28.0,0,2,435,7.75,0,2,True,False,False,False,True,False
595,0,2,155,2,37.0,1,0,627,26.0,0,3,False,False,False,False,True,False
596,0,3,831,2,36.0,1,1,308,24.15,0,3,False,False,False,False,True,False
597,1,2,471,1,28.0,0,0,156,33.0,0,3,True,False,False,False,True,False
598,0,3,410,2,49.0,0,0,575,0.0,0,3,False,False,False,False,True,False
599,0,3,99,2,28.0,0,0,193,7.225,0,1,True,False,False,False,True,False
600,1,1,230,2,49.0,1,0,585,56.9292,5,1,False,False,False,False,False,False
601,1,2,392,1,24.0,2,1,143,27.0,0,3,False,False,False,False,True,False
602,0,3,762,2,28.0,0,0,361,7.8958,0,3,True,False,False,False,True,False
603,0,1,336,2,28.0,0,0,47,42.4,0,3,True,False,False,False,True,False
604,0,3,817,2,44.0,0,0,431,8.05,0,3,False,False,False,False,True,False
605,1,1,375,2,35.0,0,0,10,26.55,0,1,False,False,False,False,True,False
606,0,3,484,2,36.0,1,0,397,15.55,0,3,False,False,False,False,True,False
607,0,3,425,2,30.0,0,0,386,7.8958,0,3,False,False,False,False,True,False
608,1,1,200,2,27.0,0,0,51,30.5,0,3,False,False,False,False,True,False
609,1,2,459,1,22.0,1,2,635,41.5792,0,1,False,False,False,False,True,False
610,1,1,742,1,40.0,0,0,589,153.4625,58,3,False,False,False,False,False,False
611,0,3,31,1,39.0,1,5,334,31.275,0,3,False,False,False,False,True,False
612,0,3,395,2,28.0,0,0,639,7.05,0,3,True,False,False,False,True,False
613,1,3,569,1,28.0,1,0,445,15.5,0,2,True,False,False,False,True,False
614,0,3,378,2,28.0,0,0,468,7.75,0,2,True,False,False,False,True,False
615,0,3,111,2,35.0,0,0,432,8.05,0,3,False,False,False,False,True,False
616,1,2,358,1,24.0,1,2,107,65.0,0,3,False,False,False,False,True,False
617,0,3,198,2,34.0,1,1,332,14.4,0,3,False,False,False,False,True,False
618,0,3,489,1,26.0,1,0,537,16.1,0,3,False,False,False,False,True,False
619,1,2,78,1,4.0,2,1,115,39.0,145,3,False,False,False,False,False,False
620,0,2,280,2,26.0,0,0,254,10.5,0,3,False,False,False,False,True,False
621,0,3,876,2,27.0,1,0,189,14.4542,0,1,False,False,False,False,True,False
622,1,1,440,2,42.0,1,0,57,52.5542,96,3,False,False,False,False,False,False
623,1,3,574,2,20.0,1,1,188,15.7417,0,1,False,False,False,False,True,False
624,0,3,328,2,21.0,0,0,401,7.8542,0,3,False,False,False,False,True,False
625,0,3,104,2,21.0,0,0,496,16.1,0,3,False,False,False,False,True,False
626,0,1,795,2,61.0,0,0,456,32.3208,111,3,False,False,False,False,False,False
627,0,2,443,2,57.0,0,0,105,12.35,0,2,False,False,False,False,True,False
628,1,1,491,1,21.0,0,0,72,77.9583,115,3,False,False,False,False,False,False
629,0,3,97,2,26.0,0,0,370,7.8958,0,3,False,False,False,False,True,False
630,0,3,603,2,28.0,0,0,287,7.7333,0,2,True,False,False,False,True,False
631,1,1,67,2,80.0,0,0,219,30.0,6,3,False,False,False,False,False,False
632,0,3,495,2,51.0,0,0,346,7.0542,0,3,False,False,False,False,True,False
633,1,1,778,2,32.0,0,0,71,30.5,34,1,False,False,False,False,False,False
634,0,1,636,2,28.0,0,0,14,0.0,0,3,True,False,False,False,True,False
635,0,3,758,1,9.0,3,2,338,27.9,0,3,False,False,False,False,True,False
636,1,2,207,1,28.0,0,0,131,13.0,0,3,False,False,False,False,True,False
637,0,3,470,2,32.0,0,0,665,7.925,0,3,False,False,False,False,True,False
638,0,2,174,2,31.0,1,1,557,26.25,0,3,False,False,False,False,True,False
639,0,3,634,1,41.0,0,5,250,39.6875,0,3,False,False,False,False,True,False
640,0,3,810,2,28.0,1,0,477,16.1,0,3,True,False,False,False,True,False
641,0,3,398,2,20.0,0,0,410,7.8542,0,3,False,False,False,False,True,False
642,1,1,724,1,24.0,0,0,582,69.3,25,1,False,False,False,False,False,False
643,0,3,759,1,2.0,3,2,338,27.9,0,3,False,False,False,False,True,False
644,1,3,253,2,28.0,0,0,81,56.4958,0,3,True,False,False,False,True,False
645,1,3,54,1,0.75,2,1,195,19.2583,0,1,False,False,False,False,True,False
646,1,1,333,2,48.0,1,0,588,76.7292,102,1,False,False,False,False,False,False
647,0,3,181,2,19.0,0,0,374,7.8958,0,3,False,False,False,False,True,False
648,1,1,748,2,56.0,0,0,70,35.5,8,1,False,False,False,False,False,False
649,0,3,866,2,28.0,0,0,621,7.55,0,3,True,False,False,False,True,False
650,1,3,781,1,23.0,0,0,568,7.55,0,3,False,False,False,False,True,False
651,0,3,545,2,28.0,0,0,367,7.8958,0,3,True,False,False,False,True,False
652,1,2,219,1,18.0,0,1,118,23.0,0,3,False,False,False,False,True,False
653,0,3,422,2,21.0,0,0,513,8.4333,0,3,False,False,False,False,True,False
654,1,3,607,1,28.0,0,0,278,7.8292,0,2,True,False,False,False,True,False
655,0,3,353,1,18.0,0,0,440,6.75,0,2,False,False,False,False,True,False
656,0,2,361,2,24.0,2,0,622,73.5,0,3,False,False,False,False,True,False
657,0,3,672,2,28.0,0,0,369,7.8958,0,3,True,False,False,False,True,False
658,0,3,103,1,32.0,1,1,436,15.5,0,2,False,False,False,False,True,False
659,0,2,233,2,23.0,0,0,242,13.0,0,3,False,False,False,False,True,False
660,0,1,585,2,58.0,0,2,417,113.275,109,1,False,False,False,False,False,False
661,1,1,265,2,50.0,2,0,606,133.65,0,3,False,False,False,False,True,False
662,0,3,58,2,40.0,0,0,173,7.225,0,1,False,False,False,False,True,False
663,0,1,172,2,47.0,0,0,497,25.5875,133,3,False,False,False,False,False,False
664,0,3,168,2,36.0,0,0,358,7.4958,0,3,False,False,False,False,True,False
665,1,3,485,2,20.0,1,0,661,7.925,0,3,False,False,False,False,True,False
666,0,2,362,2,32.0,2,0,622,73.5,0,3,False,False,False,False,True,False
667,0,2,120,2,25.0,0,0,124,13.0,0,3,False,False,False,False,True,False
668,0,3,700,2,28.0,0,0,257,7.775,0,3,True,False,False,False,True,False
669,0,3,180,2,43.0,0,0,530,8.05,0,3,False,False,False,False,True,False
670,1,1,803,1,28.0,1,0,100,52.0,59,3,True,False,False,False,False,False
671,1,2,115,1,40.0,1,1,241,39.0,0,3,False,False,False,False,True,False
672,0,1,203,2,31.0,1,0,570,52.0,39,3,False,False,False,False,False,False
673,0,2,544,2,70.0,0,0,551,10.5,0,3,False,False,False,False,True,False
674,1,2,865,2,31.0,0,0,146,13.0,0,3,False,False,False,False,True,False
675,0,2,847,2,28.0,0,0,139,0.0,0,3,True,False,False,False,True,False
676,0,3,232,2,18.0,0,0,398,7.775,0,3,False,False,False,False,True,False
677,0,3,731,2,24.5,0,0,295,8.05,0,3,False,False,False,False,True,False
678,1,3,825,1,18.0,0,0,494,9.8417,0,3,False,False,False,False,True,False
679,0,3,303,1,43.0,1,6,567,46.9,0,3,False,False,False,False,True,False
680,1,1,138,2,36.0,0,1,609,512.3292,35,1,False,False,False,False,False,False
681,0,3,656,1,28.0,0,0,282,8.1375,0,2,True,False,False,False,True,False
682,1,1,346,2,27.0,0,0,588,76.7292,110,1,False,False,False,False,False,False
683,0,3,616,2,20.0,0,0,501,9.225,0,3,False,False,False,False,True,False
684,0,3,302,2,14.0,5,2,567,46.9,0,3,False,False,False,False,True,False
685,0,2,113,2,60.0,1,1,241,39.0,0,3,False,False,False,False,True,False
686,0,2,458,2,25.0,1,2,635,41.5792,0,1,False,False,False,False,True,False
687,0,3,633,2,14.0,4,1,250,39.6875,0,3,False,False,False,False,True,False
688,0,3,195,2,19.0,0,0,373,10.1708,0,3,False,False,False,False,True,False
689,0,3,248,2,18.0,0,0,404,7.7958,0,3,False,False,False,False,True,False
690,1,1,499,1,15.0,0,1,142,211.3375,33,3,False,False,False,False,False,False
691,1,1,214,2,31.0,1,0,90,57.0,20,3,False,False,False,False,False,False
692,1,3,427,1,4.0,0,1,394,13.4167,0,1,False,False,False,False,True,False
693,1,3,453,2,28.0,0,0,81,56.4958,0,3,True,False,False,False,True,False
694,0,3,714,2,25.0,0,0,201,7.225,0,1,False,False,False,False,True,False
695,0,1,851,2,60.0,0,0,49,26.55,0,3,False,False,False,False,True,False
696,0,2,154,2,52.0,0,0,157,13.5,0,3,False,False,False,False,True,False
697,0,3,434,2,44.0,0,0,426,8.05,0,3,False,False,False,False,True,False
698,1,3,566,1,28.0,0,0,420,7.7333,0,2,True,False,False,False,True,False
699,0,1,804,2,49.0,1,1,84,110.8833,76,1,False,False,False,False,False,False
700,0,3,383,2,42.0,0,0,347,7.65,140,3,False,False,False,False,False,False
701,1,1,46,1,18.0,1,0,611,227.525,74,1,False,False,False,False,False,False
702,1,1,744,2,35.0,0,0,580,26.2875,121,3,False,False,False,False,False,False
703,0,3,64,1,18.0,0,1,212,14.4542,0,1,False,False,False,False,True,False
704,0,3,276,2,25.0,0,0,450,7.7417,0,2,False,False,False,False,True,False
705,0,3,327,2,26.0,1,0,399,7.8542,0,3,False,False,False,False,True,False
706,0,2,557,2,39.0,0,0,171,26.0,0,3,False,False,False,False,True,False
707,1,2,435,1,45.0,0,0,109,13.5,0,3,False,False,False,False,True,False
708,1,1,127,2,42.0,0,0,581,26.2875,121,3,False,False,False,False,False,False
709,1,1,164,1,22.0,0,0,38,151.55,0,3,False,False,False,False,True,False
710,1,3,562,2,28.0,1,1,190,15.2458,0,1,True,False,False,False,True,False
711,1,1,515,1,24.0,0,0,583,49.5042,85,1,False,False,False,False,False,False
712,0,1,444,2,28.0,0,0,20,26.55,57,3,True,False,False,False,False,False
713,1,1,802,2,48.0,1,0,100,52.0,59,3,False,False,False,False,False,False
714,0,3,460,2,29.0,0,0,507,9.4833,0,3,False,False,False,False,True,False
715,0,2,308,2,52.0,0,0,165,13.0,0,3,False,False,False,False,True,False
716,0,3,774,2,19.0,0,0,349,7.65,141,3,False,False,False,False,False,False
717,1,1,242,1,38.0,0,0,611,227.525,67,1,False,False,False,False,False,False
718,1,2,823,1,27.0,0,0,294,10.5,117,3,False,False,False,False,False,False
719,0,3,521,2,28.0,0,0,441,15.5,0,2,True,False,False,False,True,False
720,0,3,411,2,33.0,0,0,320,7.775,0,3,False,False,False,False,True,False
721,1,2,332,1,6.0,0,1,156,33.0,0,3,False,False,False,False,True,False
722,0,3,400,2,17.0,1,0,409,7.0542,0,3,False,False,False,False,True,False
723,0,2,287,2,34.0,0,0,66,13.0,0,3,False,False,False,False,True,False
724,0,2,369,2,50.0,0,0,162,13.0,0,3,False,False,False,False,True,False
725,1,1,152,2,27.0,1,0,52,53.1,138,3,False,False,False,False,False,False
726,0,3,618,2,20.0,0,0,267,8.6625,0,3,False,False,False,False,True,False
727,1,2,678,1,30.0,3,0,253,21.0,0,3,False,False,False,False,True,False
728,1,3,508,1,28.0,0,0,452,7.7375,0,2,True,False,False,False,True,False
729,0,2,116,2,25.0,1,0,128,26.0,0,3,False,False,False,False,True,False
730,0,3,388,1,25.0,1,0,668,7.925,0,3,False,False,False,False,True,False
731,1,1,15,1,29.0,0,0,142,211.3375,33,3,False,False,False,False,False,False
732,0,3,347,2,11.0,0,0,217,18.7875,0,1,False,False,False,False,True,False
733,0,2,446,2,28.0,0,0,138,0.0,0,3,True,False,False,False,True,False
734,0,2,85,2,23.0,0,0,229,13.0,0,3,False,False,False,False,True,False
735,0,2,821,2,23.0,0,0,120,13.0,0,3,False,False,False,False,True,False
736,0,3,870,2,28.5,0,0,496,16.1,0,3,False,False,False,False,True,False
737,0,3,257,1,48.0,1,3,677,34.375,0,3,False,False,False,False,True,False
738,1,1,477,2,35.0,0,0,609,512.3292,16,1,False,False,False,False,False,False
739,0,3,390,2,28.0,0,0,350,7.8958,0,3,True,False,False,False,True,False
740,0,3,575,2,28.0,0,0,365,7.8958,0,3,True,False,False,False,True,False
741,1,1,348,2,28.0,0,0,83,30.0,106,3,True,False,False,False,False,False
742,0,1,149,2,36.0,1,0,92,78.85,68,3,False,False,False,False,False,False
743,1,1,712,1,21.0,2,2,603,262.375,36,1,False,False,False,False,False,False
744,0,3,527,2,24.0,1,0,478,16.1,0,3,False,False,False,False,True,False
745,1,3,789,2,31.0,0,0,663,7.925,0,3,False,False,False,False,True,False
746,0,1,188,2,70.0,1,1,681,71.0,21,3,False,False,False,False,False,False
747,0,3,2,2,16.0,1,1,552,20.25,0,3,False,False,False,False,True,False
748,1,2,749,1,30.0,0,0,166,13.0,0,3,False,False,False,False,True,False
749,0,1,512,2,19.0,1,0,36,53.1,101,3,False,False,False,False,False,False
750,0,3,177,2,31.0,0,0,288,7.75,0,2,False,False,False,False,True,False
751,1,2,853,1,4.0,1,1,235,23.0,0,3,False,False,False,False,True,False
752,1,3,550,2,6.0,0,1,487,12.475,119,3,False,False,False,False,False,False
753,0,3,834,2,33.0,0,0,313,9.5,0,3,False,False,False,False,True,False
754,0,3,416,2,23.0,0,0,352,7.8958,0,3,False,False,False,False,True,False
755,1,2,359,1,48.0,1,2,107,65.0,0,3,False,False,False,False,True,False
756,1,2,322,2,0.67,1,1,167,14.5,0,3,False,False,False,False,True,False
757,0,3,139,2,28.0,0,0,405,7.7958,0,3,False,False,False,False,True,False
758,0,2,59,2,18.0,0,0,239,11.5,0,3,False,False,False,False,True,False
759,0,3,807,2,34.0,0,0,425,8.05,0,3,False,False,False,False,True,False
760,1,1,705,1,33.0,0,0,1,86.5,41,3,False,False,False,False,False,False
761,0,3,277,2,28.0,0,0,421,14.5,0,3,True,False,False,False,True,False
762,0,3,592,2,41.0,0,0,647,7.125,0,3,False,False,False,False,True,False
763,1,3,63,2,20.0,0,0,192,7.2292,0,1,False,False,False,False,True,False
764,1,1,147,1,36.0,1,2,34,120.0,48,3,False,False,False,False,False,False
765,0,3,234,2,16.0,0,0,328,7.775,0,3,False,False,False,False,True,False
766,1,1,370,1,51.0,1,0,72,77.9583,93,3,False,False,False,False,False,False
767,0,1,110,2,28.0,0,0,19,39.6,0,1,True,False,False,False,True,False
768,0,3,507,1,30.5,0,0,437,7.75,0,2,False,False,False,False,True,False
769,0,3,554,2,28.0,1,0,470,24.15,0,2,True,False,False,False,True,False
770,0,3,310,2,32.0,0,0,512,8.3625,0,3,False,False,False,False,True,False
771,0,3,481,2,24.0,0,0,314,9.5,0,3,False,False,False,False,True,False
772,0,3,399,2,48.0,0,0,408,7.8542,0,3,False,False,False,False,True,False
773,0,2,497,1,57.0,0,0,620,10.5,137,3,False,False,False,False,False,False
774,0,3,236,2,28.0,0,0,202,7.225,0,1,True,False,False,False,True,False
775,1,2,368,1,54.0,1,3,237,23.0,0,3,False,False,False,False,True,False
776,0,3,570,2,18.0,0,0,331,7.75,0,3,False,False,False,False,True,False
777,0,3,813,2,28.0,0,0,482,7.75,144,2,True,False,False,False,False,False
778,1,3,240,1,5.0,0,0,433,12.475,0,3,False,False,False,False,True,False
779,0,3,439,2,28.0,0,0,451,7.7375,0,2,True,False,False,False,True,False
780,1,1,695,1,43.0,0,1,142,211.3375,23,3,False,False,False,False,False,False
781,1,3,51,1,13.0,0,0,209,7.2292,0,1,False,False,False,False,True,False
782,1,1,215,1,17.0,1,0,90,57.0,20,3,False,False,False,False,False,False
783,0,1,490,2,29.0,0,0,27,30.0,113,3,False,False,False,False,False,False
784,0,3,415,2,28.0,1,2,676,23.45,0,3,True,False,False,False,True,False
785,0,3,14,2,25.0,0,0,644,7.05,0,3,False,False,False,False,True,False
786,0,3,331,2,25.0,0,0,475,7.25,0,3,False,False,False,False,True,False
787,1,3,754,1,18.0,0,0,244,7.4958,0,3,False,False,False,False,True,False
788,0,3,684,2,8.0,4,1,481,29.125,0,2,False,False,False,False,True,False
789,1,3,209,2,1.0,1,2,549,20.575,0,3,False,False,False,False,True,False
790,0,1,311,2,46.0,0,0,593,79.2,45,1,False,False,False,False,False,False
791,0,3,430,2,28.0,0,0,67,7.75,0,2,True,False,False,False,True,False
792,0,2,279,2,16.0,0,0,140,26.0,0,3,False,False,False,False,True,False
793,0,3,720,1,28.0,8,2,569,69.55,0,3,True,False,False,False,True,False
794,0,1,381,2,28.0,0,0,598,30.6958,0,1,True,False,False,False,True,False
795,0,3,202,2,25.0,0,0,351,7.8958,0,3,False,False,False,False,True,False
796,0,2,622,2,39.0,0,0,224,13.0,0,3,False,False,False,False,True,False
797,1,1,463,1,49.0,0,0,88,25.9292,95,3,False,False,False,False,False,False
798,1,3,620,1,31.0,0,0,384,8.6833,0,3,False,False,False,False,True,False
799,0,3,385,2,30.0,0,0,207,7.2292,0,1,False,False,False,False,True,False
800,0,3,832,1,30.0,1,1,308,24.15,0,3,False,False,False,False,True,False
801,0,2,667,2,34.0,0,0,165,13.0,0,3,False,False,False,False,True,False
802,1,2,175,1,31.0,1,1,557,26.25,0,3,False,False,False,False,True,False
803,1,1,143,2,11.0,1,2,34,120.0,48,3,False,False,False,False,False,False
804,1,3,808,2,0.42,0,1,175,8.5167,0,1,False,False,False,False,True,False
805,1,3,352,2,27.0,0,0,339,6.975,0,3,False,False,False,False,True,False
806,0,3,407,2,31.0,0,0,321,7.775,0,3,False,False,False,False,True,False
807,0,1,35,2,39.0,0,0,13,0.0,12,3,False,False,False,False,False,False
808,0,3,661,1,18.0,0,0,337,7.775,0,3,False,False,False,False,True,False
809,0,2,535,2,39.0,0,0,155,13.0,0,3,False,False,False,False,True,False
810,1,1,153,1,33.0,1,0,52,53.1,138,3,False,False,False,False,False,False
811,0,3,11,2,26.0,0,0,340,7.8875,0,3,False,False,False,False,True,False
812,0,3,476,2,39.0,0,0,520,24.15,0,3,False,False,False,False,True,False
813,0,2,764,2,35.0,0,0,223,10.5,0,3,False,False,False,False,True,False
814,0,3,24,1,6.0,4,2,334,31.275,0,3,False,False,False,False,True,False
815,0,3,815,2,30.5,0,0,428,8.05,0,3,False,False,False,False,True,False
816,0,1,270,2,28.0,0,0,16,0.0,17,3,True,False,False,False,False,False
817,0,3,355,1,23.0,0,0,672,7.925,0,3,False,False,False,False,True,False
818,0,2,505,2,31.0,1,1,619,37.0042,0,1,False,False,False,False,True,False
819,0,3,372,2,43.0,0,0,544,6.45,0,3,False,False,False,False,True,False
820,0,3,757,2,10.0,3,2,338,27.9,0,3,False,False,False,False,True,False
821,1,1,350,1,52.0,1,1,68,93.5,38,3,False,False,False,False,False,False
822,1,3,494,2,27.0,0,0,270,8.6625,0,3,False,False,False,False,True,False
823,0,1,679,2,38.0,0,0,98,0.0,0,3,False,False,False,False,True,False
824,1,3,551,1,27.0,0,1,487,12.475,119,3,False,False,False,False,False,False
825,0,3,631,2,2.0,4,1,250,39.6875,0,3,False,False,False,False,True,False
826,0,3,251,2,28.0,0,0,449,6.95,0,2,True,False,False,False,True,False
827,0,3,454,2,28.0,0,0,81,56.4958,0,3,True,False,False,False,True,False
828,1,2,504,2,1.0,0,2,619,37.0042,0,1,False,False,False,False,True,False
829,1,3,517,2,28.0,0,0,443,7.75,0,2,True,False,False,False,True,False
830,1,1,786,1,62.0,0,0,33,80.0,22,0,False,False,False,False,False,True
831,1,3,877,1,15.0,1,0,189,14.4542,0,1,False,False,False,False,True,False
832,1,2,687,2,0.83,1,1,238,18.75,0,3,False,False,False,False,True,False
833,0,3,713,2,28.0,0,0,200,7.2292,0,1,True,False,False,False,True,False
834,0,3,50,2,23.0,0,0,343,7.8542,0,3,False,False,False,False,True,False
835,0,3,20,2,18.0,0,0,108,8.3,0,3,False,False,False,False,True,False
836,1,1,176,1,39.0,1,1,610,83.1583,131,1,False,False,False,False,False,False
837,0,3,639,2,21.0,0,0,269,8.6625,0,3,False,False,False,False,True,False
838,0,3,751,2,28.0,0,0,486,8.05,0,3,True,False,False,False,True,False
839,1,3,159,2,32.0,0,0,81,56.4958,0,3,False,False,False,False,True,False
840,1,1,509,2,28.0,0,0,63,29.7,69,1,True,False,False,False,False,False
841,0,3,12,2,20.0,0,0,648,7.925,0,3,False,False,False,False,True,False
842,0,2,565,2,16.0,0,0,620,10.5,0,3,False,False,False,False,True,False
843,1,1,735,1,30.0,0,0,48,31.0,0,1,False,False,False,False,True,False
844,0,3,472,2,34.5,0,0,206,6.4375,0,1,False,False,False,False,True,False
845,0,3,190,2,17.0,0,0,265,8.6625,0,3,False,False,False,False,True,False
846,0,3,1,2,42.0,0,0,564,7.55,0,3,False,False,False,False,True,False
847,0,3,721,2,28.0,8,2,569,69.55,0,3,True,False,False,False,True,False
848,0,3,510,2,35.0,0,0,360,7.8958,0,1,False,False,False,False,True,False
849,0,2,335,2,28.0,0,1,156,33.0,0,3,False,False,False,False,True,False
850,1,1,292,1,28.0,1,0,85,89.1042,87,1,True,False,False,False,False,False
851,0,3,23,2,4.0,4,2,334,31.275,0,3,False,False,False,False,True,False
852,0,3,796,2,74.0,0,0,318,7.775,0,3,False,False,False,False,True,False
853,0,3,98,1,9.0,1,1,204,15.2458,0,1,False,False,False,False,True,False
854,1,1,486,1,16.0,0,1,592,39.4,100,3,False,False,False,False,False,False
855,0,2,146,1,44.0,1,0,145,26.0,0,3,False,False,False,False,True,False
856,1,3,9,1,18.0,0,1,485,9.35,0,3,False,False,False,False,True,False
857,1,1,861,1,45.0,1,1,454,164.8667,0,3,False,False,False,False,True,False
858,1,1,197,2,51.0,0,0,24,26.55,120,3,False,False,False,False,False,False
859,1,3,57,1,24.0,0,3,195,19.2583,0,1,False,False,False,False,True,False
860,0,3,673,2,28.0,0,0,179,7.2292,0,1,True,False,False,False,True,False
861,0,3,326,2,41.0,2,0,400,14.1083,0,3,False,False,False,False,True,False
862,0,2,284,2,21.0,1,0,222,11.5,0,3,False,False,False,False,True,False
863,1,1,798,1,48.0,0,0,89,25.9292,95,3,False,False,False,False,False,False
864,0,3,719,1,28.0,8,2,569,69.55,0,3,True,False,False,False,True,False
865,0,2,286,2,24.0,0,0,121,13.0,0,3,False,False,False,False,True,False
866,1,2,123,1,42.0,0,0,127,13.0,0,3,False,False,False,False,True,False
867,1,2,231,1,27.0,1,0,633,13.8583,0,1,False,False,False,False,True,False
868,0,1,697,2,31.0,0,0,591,50.4958,7,3,False,False,False,False,False,False
869,0,3,891,2,28.0,0,0,310,9.5,0,3,True,False,False,False,True,False
870,1,3,408,2,4.0,1,1,345,11.1333,0,3,False,False,False,False,True,False
871,0,3,60,2,26.0,0,0,388,7.8958,0,3,False,False,False,False,True,False
872,1,1,80,1,47.0,1,1,55,52.5542,103,3,False,False,False,False,False,False
873,0,1,140,2,33.0,0,0,503,5.0,35,3,False,False,False,False,False,False
874,0,3,837,2,47.0,0,0,304,9.0,0,3,False,False,False,False,True,False
875,1,2,5,1,28.0,1,0,576,24.0,0,1,False,False,False,False,True,False
876,1,3,572,1,15.0,0,0,196,7.225,0,1,False,False,False,False,True,False
877,0,3,312,2,20.0,0,0,505,9.8458,0,3,False,False,False,False,True,False
878,0,3,658,2,19.0,0,0,359,7.8958,0,3,False,False,False,False,True,False
879,0,3,452,2,28.0,0,0,364,7.8958,0,3,True,False,False,False,True,False
880,1,1,669,1,56.0,0,1,60,83.1583,71,1,False,False,False,False,False,False
881,1,2,740,1,25.0,0,1,116,26.0,0,3,False,False,False,False,True,False
882,0,3,511,2,33.0,0,0,395,7.8958,0,3,False,False,False,False,True,False
883,0,3,194,1,22.0,0,0,509,10.5167,0,3,False,False,False,False,True,False
884,0,2,62,2,28.0,0,0,566,10.5,0,3,False,False,False,False,True,False
885,0,3,794,2,25.0,0,0,651,7.05,0,3,False,False,False,False,True,False
886,0,3,685,1,39.0,0,5,481,29.125,0,2,False,False,False,False,True,False
887,0,2,549,2,27.0,0,0,102,13.0,0,3,False,False,False,False,True,False
888,1,1,304,1,19.0,0,0,15,30.0,31,3,False,False,False,False,False,False
889,0,3,414,1,28.0,1,2,676,23.45,0,3,True,False,False,False,True,False
890,1,1,82,2,26.0,0,0,9,30.0,61,1,False,False,False,False,False,False
891,0,3,221,2,32.0,0,0,467,7.75,0,2,False,False,False,False,True,False
